CS21B1001,A1322
CS21B1002,A1323
CS21B1003,A1324
CS21B1004,A1325
CS21B1005,A1326
CS21B1006,A1327
CS21B1007,A1328
CS21B1008,A1401
CS21B1009,A1402
CS21B1010,A1403
CS21B1011,A1404
CS21B1012,A1405
CS21B1013,A1406
CS21B1014,A1407
CS21B1015,A1408
CS21B1016,A1409
CS21B1017,A1410
CS21B1018,A1411
CS21B1019,A1412
CS21B1020,A1413
CS21B1021,A1414
CS21B1022,A1415
CS21B1023,A1416
CS21B1024,A1417
CS21B1025,A1418
CS21B1026,A1419
CS21B1027,A1420
CS21B1028,A1421
CS21B1029,A1422
CS21B1030,A1423
CS21B1031,A1424
CS21B1032,A1425
CS21B1033,A1426
CS21B1034,A1427
CS21B1035,A1428
CS21B1036,A1501
CS21B1037,A1502
CS21B1038,A1503
CS21B1039,A1504
CS21B1040,A1505
ME21B2001,J0706
ME21B2002,J0707
ME21B2003,J0708
ME21B2004,J0709
ME21B2005,J0710
ME21B2006,J0711
ME21B2007,J0712
ME21B2008,J0713
ME21B2009,J0714
ME21B2010,J0715
ME21B2011,A2218
ME21B2012,A2219
ME21B2013,A2220
ME21B2014,A2221
ME21B2015,A2222
ME21B2016,A2223
ME21B2017,A2224
ME21B2018,A2225
ME21B2019,A2226
ME21B2020,A2227
ME21B2021,A2228
ME21B2022,A2301
ME21B2023,A2302
ME21B2024,A2303
ME21B2025,A2304
ME21B2026,A2305
ME21B2027,A2306
ME21B2028,A2307
ME21B2029,A2308
ME21B2030,A2309
